{
    "Layer_1": {
        "weights": [
            [
                0.1025400385260582,
                -0.01291352603584528,
                -0.0012967378133907914,
                -0.0697055533528328,
                -0.03297330066561699,
                0.08598144352436066,
                -0.04828370735049248,
                -0.05511690676212311,
                -0.056824199855327606,
                -0.007749076932668686,
                0.03218957781791687,
                0.04064300283789635,
                0.08104804158210754,
                0.11664740741252899,
                0.007779144681990147,
                0.14324505627155304
            ],
            [
                0.10870826244354248,
                0.3901643455028534,
                0.45034366846084595,
                0.11962078511714935,
                0.35878682136535645,
                0.05425506457686424,
                0.29748502373695374,
                -0.10135546326637268,
                -0.03901205584406853,
                0.00020319761824794114,
                0.3918033242225647,
                0.44447723031044006,
                0.35335370898246765,
                0.12015821039676666,
                0.2177836298942566,
                0.0642504021525383
            ],
            [
                0.9910485148429871,
                -0.1030401960015297,
                -0.10921156406402588,
                -0.3188624382019043,
                -0.2826421558856964,
                0.8431385159492493,
                -0.17908358573913574,
                -0.009260660037398338,
                -0.5605764985084534,
                -0.4413567781448364,
                0.0034676077775657177,
                0.34709689021110535,
                0.8674849271774292,
                1.005584716796875,
                -0.16891078650951385,
                1.0667648315429688
            ]
        ],
        "biases": [
            -1.2585126161575317,
            0.8608003258705139,
            0.9603027105331421,
            0.8660597801208496,
            0.8742445707321167,
            -1.3154956102371216,
            0.1443784534931183,
            0.03610643744468689,
            0.9593934416770935,
            0.8476085066795349,
            0.7018815875053406,
            0.5023351311683655,
            -0.8150430917739868,
            -1.0776441097259521,
            0.48385825753211975,
            -0.7768344879150391
        ]
    },
    "Layer_2": {
        "weights": [
            [
                1.1792556047439575,
                1.5102853775024414,
                0.4509837329387665,
                1.3539488315582275,
                0.07978104799985886,
                -0.2091459333896637,
                -0.06543578207492828,
                -0.5190288424491882
            ],
            [
                -0.6340975165367126,
                -0.2334173172712326,
                0.46045762300491333,
                -0.028919856995344162,
                0.10366322100162506,
                0.6260424852371216,
                0.42110124230384827,
                0.16459164023399353
            ],
            [
                -0.618754506111145,
                -0.5632185935974121,
                0.5436115860939026,
                -0.18831254541873932,
                0.019153840839862823,
                0.5002562999725342,
                0.824633777141571,
                0.6227830052375793
            ],
            [
                -0.37844687700271606,
                -1.1788274049758911,
                0.36662063002586365,
                -0.3257114887237549,
                0.24821601808071136,
                0.15795965492725372,
                0.2886497378349304,
                0.16506372392177582
            ],
            [
                0.643823504447937,
                0.2977653443813324,
                0.6544222831726074,
                0.08130593597888947,
                -2.5689926147460938,
                0.5158039331436157,
                0.6543175578117371,
                -0.11564423888921738
            ],
            [
                1.5525290966033936,
                1.964525818824768,
                1.0284385681152344,
                1.071861743927002,
                -0.38756343722343445,
                0.44408684968948364,
                0.4318298399448395,
                -0.023251624777913094
            ],
            [
                -0.016481230035424232,
                0.05781399458646774,
                -0.01775541342794895,
                0.24511243402957916,
                -1.8301212787628174,
                0.33071765303611755,
                0.009216267615556717,
                -0.5033841133117676
            ],
            [
                0.1611938625574112,
                -0.049094270914793015,
                0.20944617688655853,
                -0.030964432284235954,
                0.19594424962997437,
                0.039654288440942764,
                0.1664179414510727,
                -0.2221706211566925
            ],
            [
                0.608029842376709,
                2.4153616428375244,
                -0.6620996594429016,
                -0.2336602509021759,
                0.017945606261491776,
                -0.5258472561836243,
                -0.9196954965591431,
                -0.7180612087249756
            ],
            [
                -0.26749387383461,
                -1.6612493991851807,
                0.14961346983909607,
                -0.438830703496933,
                0.539584755897522,
                0.34391817450523376,
                -0.17499132454395294,
                0.023754283785820007
            ],
            [
                0.013937888666987419,
                0.21124187111854553,
                0.4225460886955261,
                -0.27416932582855225,
                0.6054543256759644,
                0.28617021441459656,
                0.4304666221141815,
                0.1768644005060196
            ],
            [
                -0.029228923842310905,
                0.3341231346130371,
                0.5379953384399414,
                0.4503556787967682,
                0.10418565571308136,
                0.3730414807796478,
                0.2754189074039459,
                0.025519290938973427
            ],
            [
                0.38559797406196594,
                0.6148936748504639,
                -0.0875784307718277,
                -0.867827296257019,
                2.8691794872283936,
                0.03630249947309494,
                -0.1814739853143692,
                0.02367076836526394
            ],
            [
                1.3800567388534546,
                0.8300294280052185,
                -1.0890719890594482,
                1.4335321187973022,
                -7.62158727645874,
                -1.0403417348861694,
                -1.0441561937332153,
                -1.0929815769195557
            ],
            [
                0.44340309500694275,
                -0.1958196759223938,
                0.11360259354114532,
                0.13106219470500946,
                1.0182784795761108,
                0.5039563179016113,
                0.3287639021873474,
                0.0010318573331460357
            ],
            [
                0.3731478750705719,
                0.4719673991203308,
                -0.5028745532035828,
                1.3156780004501343,
                0.20772454142570496,
                -0.19747845828533173,
                -0.2185075283050537,
                -0.07836827635765076
            ]
        ],
        "biases": [
            0.0008556394604966044,
            -0.6328827738761902,
            0.5589126944541931,
            -0.02939673885703087,
            0.2939302921295166,
            0.5751426219940186,
            0.6185401082038879,
            0.3557690382003784
        ]
    },